{
  "buildCommand": "npm run build",
  "outputDirectory": "dist",
  "devCommand": "npm run dev",
  "installCommand": "npm install",
  "rewrites": [
    {
      "source": "/(.*)",
      "destination": "/index.html"
    }
  ],
  "headers": [
    {
      "source": "/manifest.json",
      "headers": [
        {
          "key": "Content-Type",
          "value": "application/manifest+json"
        }
      ]
    },
    {
      "source": "/sw.js",
      "headers": [
        {
          "key": "Content-Type",
          "value": "application/javascript"
        },
        {
          "key": "Cache-Control",
          "value": "no-cache"
        }
      ]
    }
  ]
}